show_id;type;title;country;release_year;duration, min;listed_in
80125979;Movie;#realityhigh;United States;2017;99;Comedies
80203094;Movie;City of Joy;United States,;2018;77;Documentaries
80095641;Movie;Elstree 1976;United Kingdom;2015;102;Documentaries
80182115;Movie;Long Shot;United States;2017;40;Documentaries
81001809;Movie;Lessons from a School Shooting: Notes from Dunblane;United States;2018;24;Documentaries
80173625;Movie;Restless Creature: Wendy Whelan;United States;2016;94;Documentaries
80005444;Movie;Print the Legend;United States;2014;100;Documentaries
80198423;Movie;Teach Us All;United States;2017;81;Documentaries
80097321;Movie;Audrie & Daisy;United States;2016;99;Documentaries
80059432;Movie;SMOSH: The Movie;United States;2015;83;Comedies
80243600;Movie;Between Two Ferns: The Movie;United States;2019;83;Comedies
80993149;Movie;Maynard;United States;2017;100;Documentaries
80987075;Movie;Class Rank;United States;2018;103;Comedies
70129452;Movie;Louis C.K.: Hilarious;United States;2010;84;Movies
80045805;Movie;Raiders!: The Story of the Greatest Fan Film Ever Made;United States;2015;93;Documentaries
80101827;Movie;The White Helmets;United Kingdom;2016;41;Documentaries
81131761;Movie;The Outsider;United States;2019;86;Movies
80088910;Movie;Natural Born Pranksters;United States;2016;91;Comedies
80033772;Movie;Cowspiracy: The Sustainability Secret;United States;2014;90;Documentaries
81092328;Movie;American Warfighter;United States;2019;106;Dramas
81183572;Movie;Deviant Love;United States;2019;87;Thrillers
80244973;Movie;Hello, Privilege. It's Me, Chelsea;United States;2019;65;Documentaries
80192834;Movie;Reversing Roe;United States;2018;100;Documentaries
80198046;Movie;Ghost of the Mountains;United States;2017;78;Documentaries
80106307;Movie;Extremis;United States;2016;25;Documentaries
80192445;Movie;Heroin(e);United States;2017;40;Documentaries
80991570;Movie;My Teacher, My Obsession;United States;2018;86;Thrillers
81031008;Movie;For the Birds;United States;2018;93;Documentaries
80097438;Movie;Holy Hell;United States;2016;103;Documentaries
80118888;Movie;Saudi Arabia Uncovered;United Kingdom;2016;52;Documentaries
80091741;Movie;13TH;United States;2016;101;Documentaries
80145699;Movie;The B-Side: Elsa Dorfman's Portrait Photography;United States;2016;76;Documentaries
70185045;Movie;Forks Over Knives;United States;2011;96;Documentaries
80117454;Movie;Joan Didion: The Center Will Not Hold;United States;2017;98;Documentaries
81018183;Movie;Ronnie Coleman: The King;United States;2018;93;Documentaries
80219941;Movie;Meet the Trumps: From Immigrant to President;United Kingdom;2017;48;Documentaries
70299286;Movie;E-Team;United States;2014;90;Documentaries
80186796;Movie;Dancing with the Birds;United States;2019;52;Documentaries
80131240;Movie;God Knows Where I Am;United States;2016;103;Documentaries
70167128;Movie;Miss Representation;United States;2011;90;Documentaries
80118101;Movie;One of Us;United States;2017;95;Documentaries
81191195;Movie;Salam - The First ****** Nobel Laureate;United States;2018;76;Documentaries
80017240;Movie;Monty Python Live (Mostly): One Down, Five to Go;United Kingdom;2014;137;Comedies
80236470;Movie;Monty Python: The Meaning of Live;United Kingdom;2014;94;Documentaries
80988048;Movie;The Meaning of Monty Python;United States;2013;60;Documentaries
80214706;Movie;Tell Me Who I Am;United Kingdom;2019;86;Documentaries
81081656;Movie;Ghosts of Sugar Land;United States;2019;22;Documentaries
81187847;Movie;League of Legends Origins;United States;2019;78;Documentaries
80097472;Movie;Sky Ladder: The Art of Cai Guo-Qiang;United States;2016;80;Documentaries
80158844;Movie;Kingdom of Us;United Kingdom;2017;110;Documentaries
80075476;Movie;Mascots;United States;2016;95;Comedies
80223997;Movie;Fractured;United States;2019;100;Thrillers
80048200;Movie;Fishtail;United States;2015;61;Documentaries
81003058;Movie;Hope Springs Eternal;United States;2018;79;Dramas
80057565;Movie;The Sea of Trees;United States;2015;111;Dramas
80173002;Movie;The Journey Is the Destination;United States;2016;123;Dramas
81092045;Movie;Burning Cane;United States;2019;78;Dramas
80183783;Movie;Let It Fall: Los Angeles 1982-1992;United States;2017;144;Documentaries
81053961;Movie;Undercover Brother 2;United States;2019;85;Comedies
80114460;Movie;Minimalism: A Documentary About the Important Things;United States;2016;78;Documentaries
80117533;Movie;The Ivory Game;Austria;2016;112;Documentaries
80175798;Movie;The Irishman;United States;2019;209;Dramas
80147529;Movie;Harold and Lillian: A Hollywood Love Story;United States;2015;95;Documentaries
81218079;Movie;Awake;United States;2019;92;Thrillers
80126449;Movie;Cuba and the Cameraman;United States;2017;114;Documentaries
80080109;Movie;De Palma;United States;2015;110;Documentaries
80127558;Movie;Saving Capitalism;United States;2017;73;Documentaries
80221584;Movie;Bikram: Yogi, Guru, Predator;United States;2019;86;Documentaries
80081990;Movie;Dream/Killer;United States;2015;109;Documentaries
81215856;Movie;100 Things to do Before High School;United States;2014;44;Movies
80124722;Movie;They’ll Love Me When I’m Dead;United States;2018;98;Documentaries
80029708;Movie;Sour Grapes;United Kingdom;2016;85;Documentaries
81028556;Movie;Shopkins: Chef Club;United States;2016;45;Movies
81028574;Movie;Shopkins: Wild;Australia;2018;75;Movies
81028560;Movie;Shopkins: World Vacation;Australia;2017;71;Movies
81171862;Movie;To Be of Service;United States;2019;88;Documentaries
81024100;Movie;American Son;United States;2019;90;Dramas
80216003;Movie;Apache Warrior;United States;2017;89;Documentaries
81063129;Movie;Christmas in the Heartland;United States;2017;112;Dramas
81074542;Movie;Christmas Survival;United Kingdom;2018;101;Comedies
81050375;Movie;Fire in Paradise;United States;2019;40;Documentaries
81189396;Movie;Spitfire: The Plane that Saved the World;United Kingdom;2018;95;Documentaries
80224606;Movie;Filmworker;United States;2017;94;Documentaries
80076581;Movie;Stink!;United States;2015;91;Documentaries
81025404;Movie;The Tigers of Scotland;United Kingdom;2017;58;Documentaries
80144358;Movie;A Grand Night In: The Story of Aardman;United Kingdom;2015;59;Documentaries
80097360;Movie;Norman Lear: Just Another Version of You;United States;2016;91;Documentaries
80128692;Movie;Tree Man;Canada;2015;82;Documentaries
80217133;Movie;Kaleidoscope;United Kingdom;2016;99;Thrillers
80106754;Movie;National Bird;United States;2016;92;Documentaries
81074375;Movie;The Heat: A Kitchen (R)evolution;Canada;2018;71;Documentaries
80108613;Movie;LoveTrue;United States;2016;82;Documentaries
80106793;Movie;Handsome: A Netflix Mystery Movie;United States;2017;81;Comedies
80210691;Movie;End Game;United States;2018;40;Documentaries
80189827;Movie;Bombshell: The Hedy Lamarr Story;United States;2017;89;Documentaries
80176144;Movie;Without Gorky;United Kingdom;2011;80;Documentaries
80038162;Movie;Hot Girls Wanted;United States;2015;83;Documentaries
70242063;Movie;After Porn Ends;United States;2012;93;Documentaries
80167459;Movie;I Am Jane Doe;United States;2017;98;Documentaries
80169348;Movie;Joshua: Teenager vs. Superpower;United States;2017;79;Documentaries
80087933;Movie;The Last Man on the Moon;United Kingdom;2014;96;Documentaries
81002195;Movie;After Maria;United States;2019;38;Documentaries
80220758;Movie;Survivors Guide to Prison;United States;2017;103;Documentaries
80131167;Movie;Elizabeth at 90: A Family Tribute;United Kingdom;2016;90;Documentaries
81103139;Movie;Her Only Choice;United States;2018;87;Dramas
81043473;Movie;SGT. Will Gardner;United States;2019;125;Dramas
80182919;Movie;Small Town Crime;United States;2017;92;Thrillers
81085319;Movie;PATRICK (2019);United Kingdom;2019;94;Comedies
80227554;Movie;'89;United Kingdom;2017;87;Sports Movies
80107656;Movie;Command and Control;United States;2017;92;Documentaries
80059342;Movie;Natascha Kampusch: The Whole Story;United States;2010;51;Movies
81094666;Movie;Killer Cove;United States;2018;87;Thrillers
81036199;Movie;Still LAUGH-IN: The Stars Celebrate;United States;2019;61;Comedies
81016247;Movie;Weed the People;United States;2018;94;Documentaries
81077874;Movie;Merata: How Mum Decolonised the Screen;New Zealand;2018;88;Documentaries
80114666;Movie;Get Me Roger Stone;United States;2017;101;Documentaries
80194950;Movie;Wine Country;United States;2019;104;Comedies
81076049;Movie;American Experience: The Island Murder;United States;2018;53;Documentaries
81080637;Movie;Knock Down The House;United States;2019;88;Documentaries
81021631;Movie;Two Graves;United Kingdom;2018;80;Thrillers
80213148;Movie;27: Gone Too Soon;United Kingdom;2017;70;Documentaries
80236099;Movie;Pocoyo Halloween: Space Halloween;United States;2015;40;Movies
80134149;Movie;A Kind of Murder;United States;2016;96;Thrillers
80103430;Movie;Defying the Nazis: The Sharps' War;United States;2016;79;Documentaries
80095094;Movie;Harry Benson: Shoot First;United States;2016;90;Documentaries
80158588;Movie;JFK: The Making of a President;United Kingdom;2017;44;Documentaries
80097361;Movie;Maya Angelou: And Still I Rise;United States;2016;114;Documentaries
80209796;Movie;Meditation Park;Canada;2017;94;Dramas
80107737;Movie;Peter and the Farm;United States;2016;92;Documentaries
80011848;Movie;My Own Man;United States;2015;82;Documentaries
80131168;Movie;Hiroshima: The Real History;United Kingdom;2015;95;Documentaries
80200571;Movie;The Highwaymen;United States;2019;132;Dramas
80999977;Movie;The Legend of Cocaine Island;United States;2019;87;Documentaries
80126485;Movie;The C Word;United States;2016;93;Documentaries
80082242;Movie;The Most Hated Woman in America;United States;2017;93;Dramas
70202151;Movie;I Don't Know How She Does It;United States;2011;89;Comedies
80171733;Movie;Roxanne Roxanne;United States;2018;100;Dramas
80144983;Movie;100 Years: One Woman's Fight for Justice;United States;2016;75;Documentaries
80156212;Movie;Wakefield;United States;2016;109;Dramas
80058979;Movie;For Grace;United States;2015;92;Documentaries
81054383;Movie;Social Animals;United States;2018;87;Documentaries
80132964;Movie;Best Worst Thing That Ever Could Have Happened;United States;2016;97;Documentaries
80117831;Movie;Take Your Pills;United States;2018;88;Documentaries
81050198;Movie;The Student;United States;2017;90;Thrillers
80207473;Movie;Dead in a Week (Or Your Money Back);United Kingdom;2018;90;Comedies
70229921;Movie;Ai Weiwei: Never Sorry;United States;2012;91;Documentaries
80184131;Movie;LA 92;United States;2017;114;Documentaries
70304188;Movie;Trailer Park Boys Live at the North Pole;Canada;2014;89;Movies
70304186;Movie;Trailer Park Boys Live In F**kin' Dublin;Canada;2014;81;Movies
80201833;Movie;True to the Game;United States;2017;108;Dramas
80172471;Movie;Koko: The Gorilla Who Talks;United Kingdom;2016;56;Documentaries
80144119;Movie;My Honor Was Loyalty;Italy;2015;115;Dramas
80172468;Movie;Nature: Raising the Dinosaur Giant;United States;2016;53;Documentaries
80134814;Movie;Sustainable;United States;2016;92;Documentaries
80172469;Movie;Vikings Unearthed;United States;2016;113;Documentaries
80097530;Movie;Blue Mountain State: The Rise of Thadland;United States;2016;90;Comedies
80092404;Movie;Hot Bot;United States;2016;93;Comedies
70181716;Movie;Jiro Dreams of Sushi;United States;2011;79;Documentaries
80190144;Movie;The House on Coco Road;United States;2016;79;Documentaries
80039644;Movie;(T)ERROR;United States;2015;84;Documentaries
80177782;Movie;Recovery Boys;United States;2018;90;Documentaries
81136964;Movie;Staged Killer;United States;2019;88;Thrillers
81090899;Movie;Recall;Canada;2018;73;Dramas
80143794;Movie;American Anarchist;United States;2016;81;Documentaries
80219802;Movie;Derren Brown: Miracle;United Kingdom;2018;74;International Movies
80108430;Movie;The Duel;United States;2016;110;Dramas
80241071;Movie;VS.;United Kingdom;2018;99;Dramas
81083891;Movie;Bob Lazar: Area 51 & Flying Saucers;United States;2018;97;Documentaries
81136963;Movie;The Wrong Babysitter;Canada;2017;89;Thrillers
80037691;Movie;Cop Car;United States;2015;88;Thrillers
80174177;Movie;What the Health;United States;2017;92;Documentaries
80158770;Movie;The Russian Revolution;United Kingdom;2017;47;Documentaries
80242619;Movie;Murder Mystery;United States;2019;98;Comedies
70267830;Movie;Cutie and the Boxer;United States;2013;82;Documentaries
81147766;Movie;Oprah Presents When They See Us Now;United States;2019;61;Documentaries
81070008;Movie;Prosecuting Evil: The Extraordinary World of Ben Ferencz;Canada;2019;83;Documentaries
80158580;Movie;Amelia: A Tale of Two Sisters;United Kingdom;2017;44;Documentaries
80108609;Movie;Betting on Zero;United States;2017;104;Documentaries
80173267;Movie;Burlesque: Heart of the Glitter Tribe;United States;2017;76;Documentaries
80158769;Movie;How to Stage a Coup;United Kingdom;2017;47;Documentaries
80158579;Movie;Jackie: A Tale of Two Sisters;United Kingdom;2017;44;Documentaries
80158581;Movie;The Mitfords: A Tale of Two Sisters;United Kingdom;2017;44;Documentaries
80076160;Movie;Cristina;United States;2016;40;Documentaries
80195243;Movie;Vegas Baby;United States;2016;78;Documentaries
81017011;Movie;American Hangman;Canada;2019;99;Thrillers
81015524;Movie;Kath & Kimderella;Australia;2012;86;Comedies
80195835;Movie;Diana: 7 Days That Shook the World;United Kingdom;2017;93;Documentaries
70298116;Movie;Lizzie Borden Took an Ax;United States;2014;87;Thrillers
80117542;Movie;The Great Hack;United States;2019;114;Documentaries
80145512;Movie;Victor;United States;2015;110;Dramas
80107087;Movie;Internet Famous;United States;2016;87;Comedies
80185070;Movie;Father of the Year;United States;2018;95;Comedies
80998968;Movie;Secret Obsession;United States;2019;98;Thrillers
80154884;Movie;Theater of Life;Canada;2016;94;Documentaries
81003981;Movie;Frankenstein’s Monster’s Monster, Frankenstein;United States;2019;32;Comedies
81011993;Movie;We Belong Together;United States;2018;83;Thrillers
80102204;Movie;Tony Robbins: I Am Not Your Guru;United States;2016;117;Documentaries
80149064;Movie;Buddy Thunderstruck: The Maybe Pile;United States;2017;14;Movies
80168188;Movie;Chasing Coral;United States;2017;89;Documentaries
80148179;Movie;My Scientology Movie;United Kingdom;2015;99;Documentaries
81145271;Movie;Black & Privileged: Volume 1;United States;2019;79;Dramas
81121172;Movie;NOVA: Black Hole Apocalypse;United States;2018;113;Documentaries
81121173;Movie;NOVA: Building Chernobyl's MegaTomb;United States;2017;53;Documentaries
81121174;Movie;NOVA: Chinese Chariot Revealed;United States;2017;54;Documentaries
81121175;Movie;NOVA: Day the Dinosaurs Died;United States;2017;53;Documentaries
81121176;Movie;NOVA: Death Dive to Saturn;United States;2017;54;Documentaries
81121177;Movie;NOVA: Decoding the Weather Machine;United States;2018;113;Documentaries
81121178;Movie;NOVA: Eclipse Over America;United States;2017;53;Documentaries
81121179;Movie;NOVA: Extreme Animal Weapons;United States;2017;53;Documentaries
81121180;Movie;NOVA: First Face of America;United States;2018;53;Documentaries
81121181;Movie;NOVA: Holocaust Escape Tunnel;United States;2017;54;Documentaries
81121182;Movie;NOVA: Killer Floods;United States;2017;54;Documentaries
81121183;Movie;NOVA: Killer Hurricanes;United States;2017;52;Documentaries
81121184;Movie;NOVA: Killer Volcanoes;United States;2017;54;Documentaries
81121185;Movie;NOVA: Poisoned Water;United States;2017;54;Documentaries
81121186;Movie;NOVA: Prediction by the Numbers;United States;2018;53;Documentaries
81121187;Movie;NOVA: Secrets of the Shining Knight;United States;2017;53;Documentaries
81121188;Movie;NOVA: Thai Cave Rescue;United States;2018;53;Documentaries
81121189;Movie;NOVA: The Impossible Flight;United States;2018;113;Documentaries
70265211;Movie;Nova: Ultimate Mars Challenge;United States;2012;53;Movies
81060038;Movie;Swiped;United States;2018;94;Comedies
80217136;Movie;Dream Big: Engineering Our World;United States;2017;42;Documentaries
80180851;Movie;Gemini;India;2018;130;Dramas
80213403;Movie;Alien Contact: Outer Space;United States;2017;63;Documentaries
81047683;Movie;Agatha and the Truth of Murder;United Kingdom;2018;92;Dramas
80214582;Movie;Patient Seventeen;United States;2017;68;Documentaries
80168198;Movie;The Force;United States;2017;92;Documentaries
80107084;Movie;A Futile and Stupid Gesture;United States;2018;102;Comedies
70296733;Movie;Mitt;United States;2014;93;Documentaries
80214777;Movie;Where's the Money;United States;2017;86;Comedies
80100936;Movie;Take the 10;United States;2017;80;Comedies
80158485;Movie;Step Sisters;United States;2018;108;Comedies
81035279;Movie;FYRE: The Greatest Party That Never Happened;United States;2019;98;Documentaries
80133139;Movie;Enlighten Us;United States;2016;93;Documentaries
81050192;Movie;Driven to Dance;United States;2018;99;Dramas
81144867;Movie;Saving Zoë;United States;2019;95;Dramas
81000864;Movie;Abducted in Plain Sight;United States;2017;90;Documentaries
81050191;Movie;Only Mine;United States;2018;88;Thrillers
80997719;Movie;The Devil We Know;United States;2018;88;Documentaries
80216543;Movie;Down The Fence;United States;2017;94;Documentaries
80195807;Movie;One More Shot;United States;2017;89;Documentaries
81009823;Movie;Invisible Essence: The Little Prince;Canada;2018;91;Documentaries
80115030;Movie;The Last Face;United States;2016;131;Dramas
81173792;Movie;Betty White: First Lady of Television;United States;2018;56;Documentaries
70308046;Movie;Bad Grandpa .5;United States;2014;87;Comedies
80108158;Movie;Breaking the Bank;United Kingdom;2014;105;Comedies
70128701;Movie;Dinner for Schmucks;United States;2010;115;Comedies
81103093;Movie;Fall Girls;United States;2019;80;Comedies
80239710;Movie;Gone are the Days;United States;2018;100;Independent Movies
80190844;Movie;AlphaGo;United States;2017;90;Documentaries
80196217;Movie;Functional Fitness;United States;2016;106;Documentaries
80206907;Movie;Heartthrob;United States;2017;87;Thrillers
80197301;Movie;Maddman: The Steve Madden Story;United States;2017;78;Documentaries
80196138;Movie;Not Alone;United States;2017;50;Documentaries
70221570;Movie;Power Rangers Samurai: Christmas Together, Friends Forever (Christmas Special);United States;2011;24;Movies
70221569;Movie;Power Rangers Samurai: Party Monsters (Halloween Special);United States;2011;24;Movies
80092837;Movie;Power Rangers Super Megaforce: The Legendary Battle (Extended);United States;2014;55;Movies
70242897;Movie;Power Rangers Super Samurai: Trickster Treat;United States;2012;23;Movies
80174367;Movie;Seeing Allred;United States;2018;96;Documentaries
70301279;Movie;Imperial Dreams;United States;2014;86;Dramas
80190130;Movie;Big Bear;United States;2017;87;Comedies
80220000;Movie;Derren Brown: The Push;United Kingdom;2018;69;Movies
70292939;Movie;The Unknown Known;United States;2013;103;Documentaries
80057509;Movie;Trespass Against Us;United Kingdom;2016;100;Dramas
70296573;Movie;Secrets of the Tower of London;United Kingdom;2013;55;Documentaries
80198735;Movie;The Bachelors;United States;2017;100;Dramas
70166234;Movie;Being Elmo: A Puppeteer's Journey;United States;2011;76;Documentaries
80223123;Movie;A Week in Watts;United States;2017;91;Documentaries
80214581;Movie;Dismissed;United States;2017;87;Thrillers
81004511;Movie;Studio 54;United States;2018;99;Documentaries
81015076;Movie;Behind the Curve;United States;2018;96;Documentaries
80038290;Movie;Virunga: Gorillas in Peril;United States;2015;29;Documentaries
81074663;Movie;Period. End of Sentence.;United States;2018;26;Documentaries
81037273;Movie;14 Minutes from Earth;United States;2016;84;Documentaries
81059656;Movie;E-Cigarettes: Miracle or Menace?;United Kingdom;2016;52;Documentaries
81001413;Movie;Free Rein: Valentine's Day;United States;2019;51;Movies
80220013;Movie;Heal;United States;2017;107;Documentaries
80065492;Movie;Lego DC Comics: Batman Be-Leaguered;United States;2014;22;Movies
81063084;Movie;What Makes a Psychopath?;United Kingdom;2017;52;Documentaries
81059649;Movie;Why Are We Getting So Fat?;United Kingdom;2016;50;Documentaries
80205451;Movie;42 Grams;United States;2017;81;Documentaries
80141928;Movie;Before the Flood;United States;2016;97;Documentaries
70251218;Movie;Mortified Nation;United States;2013;84;Documentaries
80217040;Movie;National Parks Adventure;United States;2016;42;Documentaries
80171291;Movie;Paint It Black;United States;2016;96;Dramas
80168231;Movie;Water & Power: A California Heist;United States;2017;78;Documentaries
81004748;Movie;A Family Reunion Christmas;United States;2019;29;Movies
81003741;Movie;The American Meme;United States;2018;98;Documentaries
81212801;Movie;The Irishman: In Conversation;United States;2019;24;Documentaries
81109078;Movie;How High 2;United States;2019;89;Comedies
81045513;Movie;Sam Kinison: The Scream Continues;United States;2016;29;Documentaries
81031650;Movie;The Bill Murray Stories: Life Lessons Learned From a Mythical Man;United States;2018;72;Documentaries
80190585;Movie;Blurred Lines: Inside the Art World;Canada;2017;85;Documentaries
80220761;Movie;After Porn Ends 3;United States;2018;87;Documentaries
70213471;Movie;Lawless;United States;2012;116;Dramas
80182034;Movie;Walk with Me;United Kingdom;2017;94;Documentaries
80083594;Movie;Marco Polo: One Hundred Eyes;United States;2015;29;Movies
80190840;Movie;A Gray State;United States;2017;93;Documentaries
80097363;Movie;Lo and Behold: Reveries of the Connected World;United States;2016;98;Documentaries
81014479;Movie;Jacob's Ladder;United States;2019;90;Thrillers
80131551;Movie;Mr. Church;United States;2016;105;Dramas
80132411;Movie;Figures of Speech;United States;2016;92;Documentaries
81008536;Movie;Aggretsuko: We Wish You a Metal Christmas;Japan;2018;22;Movies
80108691;Movie;Total Frat Movie;United States;2016;94;Comedies
80019503;Movie;BoJack Horseman Christmas Special: Sabrina's Christmas Wish;United States;2014;26;Movies
81000861;Movie;American Circumcision;United States;2017;101;Documentaries
80144803;Movie;Barry;United States;2016;105;Dramas
80136440;Movie;Rats;United States;2016;88;Documentaries
80127459;Movie;Sister Cities;United States;2016;88;Dramas
80101609;Movie;Theo Who Lived;United States;2016;86;Documentaries
80188902;Movie;The Bad Education Movie;United Kingdom;2015;87;Comedies
80104116;Movie;Blackway;United States;2015;90;Thrillers
80210182;Movie;Discovering Bigfoot;United States;2017;111;Documentaries
80085567;Movie;The Monster of Mangatiti;New Zealand;2015;70;Dramas
81010212;Movie;Out of Many, One;United States;2018;35;Documentaries
80139397;Movie;The Trip to Spain;United Kingdom;2016;108;Comedies
70267802;Movie;Blackfish;United States;2013;83;Documentaries
80104420;Movie;Asperger's Are Us;United States;2016;83;Documentaries
80144453;Movie;Goldstone;Australia;2016;110;Thrillers
80158854;Movie;A StoryBots Christmas;United States;2017;26;Movies
80173271;Movie;The Legend of 420;United States;2017;87;Documentaries
80176212;Movie;Voyeur;United States;2017;96;Documentaries
80152091;Movie;Across Grace Alley;United States;2013;24;Dramas
80222042;Movie;The Most Unknown;United States;2018;92;Documentaries
81087761;Movie;Roll Red Roll;United States;2018;80;Documentaries
81088318;Movie;The Pursuit;United States;2019;76;Documentaries
81006598;Movie;The Surrounding Game;United States;2018;98;Documentaries
70267834;Movie;Inequality for All;United States;2013;90;Documentaries
80193491;Movie;Bring It On: Worldwide Showdown;United States;2017;95;Comedies
81009815;Movie;A Leaf of Faith;United States;2018;87;Documentaries
80057691;Movie;XOXO;United States;2016;92;Dramas
81003736;Movie;One Last Thing;United States;2018;92;Dramas
70293130;Movie;Hank: Five Years from the Brink;United States;2013;86;Documentaries
81145277;Movie;Fanatic;United States;2019;91;Thrillers
80128689;Movie;Feel Rich;United States;2017;70;Documentaries
81090071;Movie;American Factory;United States;2019;110;Documentaries
80171742;Movie;Unacknowledged;United States;2017;104;Documentaries
81082125;Movie;Our Planet - Behind The Scenes;United Kingdom;2019;63;Documentaries
81020839;Movie;Party Monster: Scratching the Surface;United States;2018;33;Comedies
81092330;Movie;For Love or Money;United Kingdom;2019;95;Comedies
80231419;Movie;Sextuplets;United States;2019;100;Comedies
80199381;Movie;Hostiles;United States;2017;134;Dramas
80114111;Movie;Louis C.K.: Live at the Comedy Store;United States;2015;66;Movies
80108998;Movie;Real Crime: Supermarket Heist (Tesco Bomber);United Kingdom;2010;46;Documentaries
80039439;Movie;The Outcasts;United States;2017;94;Comedies
80188580;Movie;Chocolate City: Vegas Strip;United States;2017;90;Dramas
80175147;Movie;The Package;United States;2018;95;Comedies
81103092;Movie;Running Out Of Time;United States;2018;88;Thrillers
80993489;Movie;Being Napoleon;United States;2018;88;Documentaries
80080106;Movie;The Bomb;United States;2016;59;Documentaries
80109260;Movie;APEX: The Story of the Hypercar;United States;2016;86;Documentaries
80108147;Movie;How to Win the US Presidency;United States;2016;51;Documentaries
70222860;Movie;Movie 43;United States;2013;94;Comedies
80097466;Movie;Newtown;United States;2016;84;Documentaries
80989339;Movie;Between Worlds;Spain;2018;91;Thrillers
80161109;Movie;Louis C.K. 2017;United States;2017;74;Movies
81092327;Movie;Perfect Bid: The Contestant Who Knew Too Much;Canada;2017;72;Documentaries
80235025;Movie;Honey: Rise Up and Dance;United States;2018;100;Dramas
80044562;Movie;A Murder in the Park;United States;2014;91;Documentaries
80128715;Movie;Rodney King;United States;2017;53;Dramas
80149821;Movie;The Rachel Divide;United States;2018;105;Documentaries
80183328;Movie;The Week Of;United States;2018;117;Comedies
80081278;Movie;The Daughter;Australia;2015;95;Dramas
80182411;Movie;Bill Nye: Science Guy;United States;2017;97;Documentaries
70296578;Movie;Secrets of Scotland Yard;United Kingdom;2013;55;Documentaries
70296574;Movie;Secrets of Selfridges;United States;2014;55;Documentaries
81030755;Movie;The Last Resort;United States;2018;70;Documentaries
80174436;Movie;Mercury 13;United States;2018;79;Documentaries
70241596;Movie;Mac & Devin Go to High School;United States;2012;76;Comedies
80015799;Movie;Good Kill;United States;2014;103;Dramas
81088285;Movie;The Mayo Clinic;United States;2018;116;Documentaries
80172000;Movie;American Experience: Ruby Ridge;United States;2017;53;Documentaries
80169778;Movie;Oklahoma City;United States;2017;102;Documentaries
70222859;Movie;21 & Over;United States;2013;93;Comedies
81090128;Movie;The Creative Brain;United States;2019;53;Documentaries
80058247;Movie;Prescription Thugs;United States;2015;86;Documentaries
70302184;Movie;From One Second to the Next;United States;2013;35;Documentaries
80126569;Movie;Sandy Wexler;United States;2017;131;Comedies
80035467;Movie;The Seven Five;United States;2014;104;Documentaries
80142474;Movie;Frat Star;United States;2017;85;Comedies
80210602;Movie;I Am Maris;United States;2018;54;Documentaries
80209751;Movie;The Trap;United States;2017;91;Comedies
80063773;Movie;The Trust;United States;2015;91;Thrillers
81088284;Movie;The World's Most Wanted Animal;United Kingdom;2018;53;Documentaries
80226076;Movie;Big Time;Denmark;2017;90;Documentaries
80148180;Movie;Gringo: The Dangerous Life of John McAfee;United States;2016;97;Documentaries
80217041;Movie;The Search for Life in Space;United States;2016;32;Documentaries
80115101;Movie;Deuces;United States;2016;88;Dramas
70129457;Movie;Life 2.0;United States;2010;99;Documentaries
80104318;Movie;Silicon Cowboys;United States;2016;77;Documentaries
80097468;Movie;The Bad Kids;United States;2016;101;Documentaries
80064521;Movie;Jeremy Scott: The People's Designer;United States;2015;109;Documentaries
